1 0 0	crt-tst/img_00001.png
0 0 1	crt-tst/img_00002.png
0 1 0	crt-tst/img_00003.png
0 0 1	crt-tst/img_00004.png
0 0 1	crt-tst/img_00005.png
0 0 1	crt-tst/img_00006.png
0 0 1	crt-tst/img_00007.png
0 0 1	crt-tst/img_00008.png
0 1 0	crt-tst/img_00009.png
1 0 0	crt-tst/img_00010.png
0 0 1	crt-tst/img_00011.png
0 0 1	crt-tst/img_00012.png
0 0 1	crt-tst/img_00013.png
0 0 1	crt-tst/img_00014.png
0 1 0	crt-tst/img_00015.png
0 1 0	crt-tst/img_00016.png
1 0 0	crt-tst/img_00017.png
0 1 0	crt-tst/img_00018.png
0 0 1	crt-tst/img_00019.png
0 1 0	crt-tst/img_00020.png
1 0 0	crt-tst/img_00021.png
1 0 0	crt-tst/img_00022.png
0 0 1	crt-tst/img_00023.png
1 0 0	crt-tst/img_00024.png
0 0 1	crt-tst/img_00025.png
0 0 1	crt-tst/img_00026.png
0 1 0	crt-tst/img_00027.png
0 1 0	crt-tst/img_00028.png
0 1 0	crt-tst/img_00029.png
0 1 0	crt-tst/img_00030.png
0 0 1	crt-tst/img_00031.png
1 0 0	crt-tst/img_00032.png
0 0 1	crt-tst/img_00033.png
0 0 1	crt-tst/img_00034.png
0 0 1	crt-tst/img_00035.png
0 1 0	crt-tst/img_00036.png
0 0 1	crt-tst/img_00037.png
0 0 1	crt-tst/img_00038.png
1 0 0	crt-tst/img_00039.png
0 0 1	crt-tst/img_00040.png
0 1 0	crt-tst/img_00041.png
0 0 1	crt-tst/img_00042.png
0 0 1	crt-tst/img_00043.png
1 0 0	crt-tst/img_00044.png
0 1 0	crt-tst/img_00045.png
1 0 0	crt-tst/img_00046.png
0 1 0	crt-tst/img_00047.png
0 1 0	crt-tst/img_00048.png
0 1 0	crt-tst/img_00049.png
0 0 1	crt-tst/img_00050.png
1 0 0	crt-tst/img_00051.png
1 0 0	crt-tst/img_00052.png
0 1 0	crt-tst/img_00053.png
1 0 0	crt-tst/img_00054.png
0 0 1	crt-tst/img_00055.png
0 1 0	crt-tst/img_00056.png
1 0 0	crt-tst/img_00057.png
0 0 1	crt-tst/img_00058.png
0 0 1	crt-tst/img_00059.png
0 0 1	crt-tst/img_00060.png
0 1 0	crt-tst/img_00061.png
0 0 1	crt-tst/img_00062.png
0 1 0	crt-tst/img_00063.png
0 0 1	crt-tst/img_00064.png
1 0 0	crt-tst/img_00065.png
0 0 1	crt-tst/img_00066.png
0 1 0	crt-tst/img_00067.png
1 0 0	crt-tst/img_00068.png
0 1 0	crt-tst/img_00069.png
1 0 0	crt-tst/img_00070.png
0 0 1	crt-tst/img_00071.png
1 0 0	crt-tst/img_00072.png
0 1 0	crt-tst/img_00073.png
0 0 1	crt-tst/img_00074.png
0 1 0	crt-tst/img_00075.png
0 1 0	crt-tst/img_00076.png
0 0 1	crt-tst/img_00077.png
1 0 0	crt-tst/img_00078.png
0 0 1	crt-tst/img_00079.png
0 0 1	crt-tst/img_00080.png
0 1 0	crt-tst/img_00081.png
0 1 0	crt-tst/img_00082.png
0 1 0	crt-tst/img_00083.png
1 0 0	crt-tst/img_00084.png
0 0 1	crt-tst/img_00085.png
0 0 1	crt-tst/img_00086.png
0 0 1	crt-tst/img_00087.png
0 0 1	crt-tst/img_00088.png
1 0 0	crt-tst/img_00089.png
1 0 0	crt-tst/img_00090.png
0 0 1	crt-tst/img_00091.png
0 1 0	crt-tst/img_00092.png
0 0 1	crt-tst/img_00093.png
1 0 0	crt-tst/img_00094.png
0 1 0	crt-tst/img_00095.png
1 0 0	crt-tst/img_00096.png
1 0 0	crt-tst/img_00097.png
1 0 0	crt-tst/img_00098.png
0 1 0	crt-tst/img_00099.png
0 1 0	crt-tst/img_00100.png
0 1 0	crt-tst/img_00101.png
0 0 1	crt-tst/img_00102.png
0 1 0	crt-tst/img_00103.png
0 0 1	crt-tst/img_00104.png
0 0 1	crt-tst/img_00105.png
1 0 0	crt-tst/img_00106.png
0 1 0	crt-tst/img_00107.png
1 0 0	crt-tst/img_00108.png
0 1 0	crt-tst/img_00109.png
1 0 0	crt-tst/img_00110.png
0 0 1	crt-tst/img_00111.png
0 1 0	crt-tst/img_00112.png
1 0 0	crt-tst/img_00113.png
0 1 0	crt-tst/img_00114.png
0 1 0	crt-tst/img_00115.png
0 1 0	crt-tst/img_00116.png
0 1 0	crt-tst/img_00117.png
1 0 0	crt-tst/img_00118.png
0 0 1	crt-tst/img_00119.png
0 1 0	crt-tst/img_00120.png
0 0 1	crt-tst/img_00121.png
0 0 1	crt-tst/img_00122.png
0 0 1	crt-tst/img_00123.png
0 1 0	crt-tst/img_00124.png
0 1 0	crt-tst/img_00125.png
0 0 1	crt-tst/img_00126.png
1 0 0	crt-tst/img_00127.png
1 0 0	crt-tst/img_00128.png
0 1 0	crt-tst/img_00129.png
1 0 0	crt-tst/img_00130.png
1 0 0	crt-tst/img_00131.png
0 0 1	crt-tst/img_00132.png
0 1 0	crt-tst/img_00133.png
0 1 0	crt-tst/img_00134.png
0 0 1	crt-tst/img_00135.png
0 0 1	crt-tst/img_00136.png
0 1 0	crt-tst/img_00137.png
1 0 0	crt-tst/img_00138.png
0 1 0	crt-tst/img_00139.png
1 0 0	crt-tst/img_00140.png
1 0 0	crt-tst/img_00141.png
1 0 0	crt-tst/img_00142.png
1 0 0	crt-tst/img_00143.png
0 0 1	crt-tst/img_00144.png
0 1 0	crt-tst/img_00145.png
1 0 0	crt-tst/img_00146.png
1 0 0	crt-tst/img_00147.png
1 0 0	crt-tst/img_00148.png
0 1 0	crt-tst/img_00149.png
0 1 0	crt-tst/img_00150.png
1 0 0	crt-tst/img_00151.png
1 0 0	crt-tst/img_00152.png
0 1 0	crt-tst/img_00153.png
0 1 0	crt-tst/img_00154.png
1 0 0	crt-tst/img_00155.png
0 1 0	crt-tst/img_00156.png
0 1 0	crt-tst/img_00157.png
0 0 1	crt-tst/img_00158.png
0 0 1	crt-tst/img_00159.png
0 0 1	crt-tst/img_00160.png
0 1 0	crt-tst/img_00161.png
1 0 0	crt-tst/img_00162.png
1 0 0	crt-tst/img_00163.png
1 0 0	crt-tst/img_00164.png
0 0 1	crt-tst/img_00165.png
0 0 1	crt-tst/img_00166.png
0 1 0	crt-tst/img_00167.png
0 1 0	crt-tst/img_00168.png
0 1 0	crt-tst/img_00169.png
0 1 0	crt-tst/img_00170.png
1 0 0	crt-tst/img_00171.png
1 0 0	crt-tst/img_00172.png
0 1 0	crt-tst/img_00173.png
0 0 1	crt-tst/img_00174.png
1 0 0	crt-tst/img_00175.png
1 0 0	crt-tst/img_00176.png
1 0 0	crt-tst/img_00177.png
1 0 0	crt-tst/img_00178.png
0 1 0	crt-tst/img_00179.png
0 0 1	crt-tst/img_00180.png
0 0 1	crt-tst/img_00181.png
0 1 0	crt-tst/img_00182.png
1 0 0	crt-tst/img_00183.png
1 0 0	crt-tst/img_00184.png
0 1 0	crt-tst/img_00185.png
0 0 1	crt-tst/img_00186.png
0 1 0	crt-tst/img_00187.png
0 1 0	crt-tst/img_00188.png
0 0 1	crt-tst/img_00189.png
0 0 1	crt-tst/img_00190.png
1 0 0	crt-tst/img_00191.png
0 1 0	crt-tst/img_00192.png
0 0 1	crt-tst/img_00193.png
1 0 0	crt-tst/img_00194.png
1 0 0	crt-tst/img_00195.png
1 0 0	crt-tst/img_00196.png
0 1 0	crt-tst/img_00197.png
1 0 0	crt-tst/img_00198.png
1 0 0	crt-tst/img_00199.png
0 0 1	crt-tst/img_00200.png
0 1 0	crt-tst/img_00201.png
0 1 0	crt-tst/img_00202.png
0 1 0	crt-tst/img_00203.png
0 1 0	crt-tst/img_00204.png
1 0 0	crt-tst/img_00205.png
0 1 0	crt-tst/img_00206.png
0 0 1	crt-tst/img_00207.png
0 0 1	crt-tst/img_00208.png
1 0 0	crt-tst/img_00209.png
0 1 0	crt-tst/img_00210.png
1 0 0	crt-tst/img_00211.png
0 1 0	crt-tst/img_00212.png
0 0 1	crt-tst/img_00213.png
0 1 0	crt-tst/img_00214.png
1 0 0	crt-tst/img_00215.png
0 1 0	crt-tst/img_00216.png
1 0 0	crt-tst/img_00217.png
0 0 1	crt-tst/img_00218.png
1 0 0	crt-tst/img_00219.png
0 0 1	crt-tst/img_00220.png
0 1 0	crt-tst/img_00221.png
1 0 0	crt-tst/img_00222.png
0 1 0	crt-tst/img_00223.png
0 0 1	crt-tst/img_00224.png
0 1 0	crt-tst/img_00225.png
1 0 0	crt-tst/img_00226.png
1 0 0	crt-tst/img_00227.png
1 0 0	crt-tst/img_00228.png
0 1 0	crt-tst/img_00229.png
0 0 1	crt-tst/img_00230.png
0 0 1	crt-tst/img_00231.png
0 0 1	crt-tst/img_00232.png
0 1 0	crt-tst/img_00233.png
0 1 0	crt-tst/img_00234.png
0 0 1	crt-tst/img_00235.png
1 0 0	crt-tst/img_00236.png
1 0 0	crt-tst/img_00237.png
1 0 0	crt-tst/img_00238.png
1 0 0	crt-tst/img_00239.png
0 1 0	crt-tst/img_00240.png
0 0 1	crt-tst/img_00241.png
0 0 1	crt-tst/img_00242.png
1 0 0	crt-tst/img_00243.png
0 1 0	crt-tst/img_00244.png
0 0 1	crt-tst/img_00245.png
1 0 0	crt-tst/img_00246.png
0 1 0	crt-tst/img_00247.png
0 1 0	crt-tst/img_00248.png
0 1 0	crt-tst/img_00249.png
1 0 0	crt-tst/img_00250.png
0 1 0	crt-tst/img_00251.png
0 1 0	crt-tst/img_00252.png
0 0 1	crt-tst/img_00253.png
0 1 0	crt-tst/img_00254.png
0 1 0	crt-tst/img_00255.png
1 0 0	crt-tst/img_00256.png
0 1 0	crt-tst/img_00257.png
0 1 0	crt-tst/img_00258.png
0 1 0	crt-tst/img_00259.png
1 0 0	crt-tst/img_00260.png
0 1 0	crt-tst/img_00261.png
0 1 0	crt-tst/img_00262.png
1 0 0	crt-tst/img_00263.png
0 0 1	crt-tst/img_00264.png
0 1 0	crt-tst/img_00265.png
0 0 1	crt-tst/img_00266.png
0 0 1	crt-tst/img_00267.png
0 0 1	crt-tst/img_00268.png
1 0 0	crt-tst/img_00269.png
0 0 1	crt-tst/img_00270.png
1 0 0	crt-tst/img_00271.png
1 0 0	crt-tst/img_00272.png
1 0 0	crt-tst/img_00273.png
0 1 0	crt-tst/img_00274.png
0 1 0	crt-tst/img_00275.png
1 0 0	crt-tst/img_00276.png
0 0 1	crt-tst/img_00277.png
0 0 1	crt-tst/img_00278.png
0 0 1	crt-tst/img_00279.png
0 1 0	crt-tst/img_00280.png
0 0 1	crt-tst/img_00281.png
0 0 1	crt-tst/img_00282.png
1 0 0	crt-tst/img_00283.png
0 0 1	crt-tst/img_00284.png
0 0 1	crt-tst/img_00285.png
0 0 1	crt-tst/img_00286.png
0 1 0	crt-tst/img_00287.png
0 0 1	crt-tst/img_00288.png
0 1 0	crt-tst/img_00289.png
1 0 0	crt-tst/img_00290.png
1 0 0	crt-tst/img_00291.png
0 1 0	crt-tst/img_00292.png
1 0 0	crt-tst/img_00293.png
0 0 1	crt-tst/img_00294.png
1 0 0	crt-tst/img_00295.png
1 0 0	crt-tst/img_00296.png
0 0 1	crt-tst/img_00297.png
0 0 1	crt-tst/img_00298.png
0 1 0	crt-tst/img_00299.png
0 0 1	crt-tst/img_00300.png
0 1 0	crt-tst/img_00301.png
1 0 0	crt-tst/img_00302.png
0 0 1	crt-tst/img_00303.png
0 0 1	crt-tst/img_00304.png
0 0 1	crt-tst/img_00305.png
0 1 0	crt-tst/img_00306.png
0 1 0	crt-tst/img_00307.png
0 0 1	crt-tst/img_00308.png
1 0 0	crt-tst/img_00309.png
0 0 1	crt-tst/img_00310.png
0 1 0	crt-tst/img_00311.png
0 0 1	crt-tst/img_00312.png
1 0 0	crt-tst/img_00313.png
0 0 1	crt-tst/img_00314.png
0 1 0	crt-tst/img_00315.png
0 0 1	crt-tst/img_00316.png
0 1 0	crt-tst/img_00317.png
1 0 0	crt-tst/img_00318.png
1 0 0	crt-tst/img_00319.png
0 0 1	crt-tst/img_00320.png
0 0 1	crt-tst/img_00321.png
0 1 0	crt-tst/img_00322.png
0 1 0	crt-tst/img_00323.png
0 1 0	crt-tst/img_00324.png
1 0 0	crt-tst/img_00325.png
0 1 0	crt-tst/img_00326.png
0 1 0	crt-tst/img_00327.png
1 0 0	crt-tst/img_00328.png
0 1 0	crt-tst/img_00329.png
0 0 1	crt-tst/img_00330.png
0 0 1	crt-tst/img_00331.png
1 0 0	crt-tst/img_00332.png
0 0 1	crt-tst/img_00333.png
1 0 0	crt-tst/img_00334.png
0 1 0	crt-tst/img_00335.png
0 0 1	crt-tst/img_00336.png
1 0 0	crt-tst/img_00337.png
1 0 0	crt-tst/img_00338.png
0 1 0	crt-tst/img_00339.png
0 0 1	crt-tst/img_00340.png
0 1 0	crt-tst/img_00341.png
0 1 0	crt-tst/img_00342.png
0 0 1	crt-tst/img_00343.png
1 0 0	crt-tst/img_00344.png
1 0 0	crt-tst/img_00345.png
0 0 1	crt-tst/img_00346.png
0 1 0	crt-tst/img_00347.png
0 1 0	crt-tst/img_00348.png
0 0 1	crt-tst/img_00349.png
0 1 0	crt-tst/img_00350.png
1 0 0	crt-tst/img_00351.png
1 0 0	crt-tst/img_00352.png
1 0 0	crt-tst/img_00353.png
1 0 0	crt-tst/img_00354.png
0 1 0	crt-tst/img_00355.png
0 0 1	crt-tst/img_00356.png
0 1 0	crt-tst/img_00357.png
1 0 0	crt-tst/img_00358.png
0 1 0	crt-tst/img_00359.png
0 1 0	crt-tst/img_00360.png
0 1 0	crt-tst/img_00361.png
0 0 1	crt-tst/img_00362.png
0 1 0	crt-tst/img_00363.png
1 0 0	crt-tst/img_00364.png
0 0 1	crt-tst/img_00365.png
0 0 1	crt-tst/img_00366.png
0 1 0	crt-tst/img_00367.png
0 0 1	crt-tst/img_00368.png
0 1 0	crt-tst/img_00369.png
0 1 0	crt-tst/img_00370.png
0 1 0	crt-tst/img_00371.png
0 0 1	crt-tst/img_00372.png
1 0 0	crt-tst/img_00373.png
0 0 1	crt-tst/img_00374.png
0 0 1	crt-tst/img_00375.png
1 0 0	crt-tst/img_00376.png
0 0 1	crt-tst/img_00377.png
0 1 0	crt-tst/img_00378.png
0 1 0	crt-tst/img_00379.png
0 0 1	crt-tst/img_00380.png
1 0 0	crt-tst/img_00381.png
1 0 0	crt-tst/img_00382.png
0 1 0	crt-tst/img_00383.png
0 1 0	crt-tst/img_00384.png
0 0 1	crt-tst/img_00385.png
0 1 0	crt-tst/img_00386.png
0 1 0	crt-tst/img_00387.png
0 1 0	crt-tst/img_00388.png
1 0 0	crt-tst/img_00389.png
1 0 0	crt-tst/img_00390.png
0 1 0	crt-tst/img_00391.png
1 0 0	crt-tst/img_00392.png
0 1 0	crt-tst/img_00393.png
0 0 1	crt-tst/img_00394.png
0 0 1	crt-tst/img_00395.png
0 1 0	crt-tst/img_00396.png
0 1 0	crt-tst/img_00397.png
0 1 0	crt-tst/img_00398.png
0 1 0	crt-tst/img_00399.png
0 1 0	crt-tst/img_00400.png
1 0 0	crt-tst/img_00401.png
0 0 1	crt-tst/img_00402.png
0 0 1	crt-tst/img_00403.png
1 0 0	crt-tst/img_00404.png
0 0 1	crt-tst/img_00405.png
1 0 0	crt-tst/img_00406.png
0 0 1	crt-tst/img_00407.png
0 1 0	crt-tst/img_00408.png
1 0 0	crt-tst/img_00409.png
1 0 0	crt-tst/img_00410.png
0 1 0	crt-tst/img_00411.png
0 0 1	crt-tst/img_00412.png
0 1 0	crt-tst/img_00413.png
0 1 0	crt-tst/img_00414.png
0 0 1	crt-tst/img_00415.png
1 0 0	crt-tst/img_00416.png
0 0 1	crt-tst/img_00417.png
1 0 0	crt-tst/img_00418.png
1 0 0	crt-tst/img_00419.png
0 1 0	crt-tst/img_00420.png
1 0 0	crt-tst/img_00421.png
0 0 1	crt-tst/img_00422.png
0 0 1	crt-tst/img_00423.png
0 0 1	crt-tst/img_00424.png
0 1 0	crt-tst/img_00425.png
1 0 0	crt-tst/img_00426.png
1 0 0	crt-tst/img_00427.png
1 0 0	crt-tst/img_00428.png
0 0 1	crt-tst/img_00429.png
0 0 1	crt-tst/img_00430.png
0 1 0	crt-tst/img_00431.png
0 0 1	crt-tst/img_00432.png
0 1 0	crt-tst/img_00433.png
1 0 0	crt-tst/img_00434.png
0 0 1	crt-tst/img_00435.png
0 0 1	crt-tst/img_00436.png
0 1 0	crt-tst/img_00437.png
1 0 0	crt-tst/img_00438.png
1 0 0	crt-tst/img_00439.png
1 0 0	crt-tst/img_00440.png
0 0 1	crt-tst/img_00441.png
0 0 1	crt-tst/img_00442.png
1 0 0	crt-tst/img_00443.png
0 0 1	crt-tst/img_00444.png
1 0 0	crt-tst/img_00445.png
1 0 0	crt-tst/img_00446.png
0 1 0	crt-tst/img_00447.png
0 1 0	crt-tst/img_00448.png
1 0 0	crt-tst/img_00449.png
0 1 0	crt-tst/img_00450.png
0 1 0	crt-tst/img_00451.png
1 0 0	crt-tst/img_00452.png
0 0 1	crt-tst/img_00453.png
0 0 1	crt-tst/img_00454.png
0 1 0	crt-tst/img_00455.png
0 1 0	crt-tst/img_00456.png
0 1 0	crt-tst/img_00457.png
0 1 0	crt-tst/img_00458.png
0 1 0	crt-tst/img_00459.png
0 1 0	crt-tst/img_00460.png
0 0 1	crt-tst/img_00461.png
0 1 0	crt-tst/img_00462.png
0 0 1	crt-tst/img_00463.png
0 0 1	crt-tst/img_00464.png
1 0 0	crt-tst/img_00465.png
0 1 0	crt-tst/img_00466.png
0 0 1	crt-tst/img_00467.png
0 0 1	crt-tst/img_00468.png
0 0 1	crt-tst/img_00469.png
0 1 0	crt-tst/img_00470.png
1 0 0	crt-tst/img_00471.png
1 0 0	crt-tst/img_00472.png
1 0 0	crt-tst/img_00473.png
0 0 1	crt-tst/img_00474.png
1 0 0	crt-tst/img_00475.png
0 0 1	crt-tst/img_00476.png
0 1 0	crt-tst/img_00477.png
0 0 1	crt-tst/img_00478.png
1 0 0	crt-tst/img_00479.png
0 1 0	crt-tst/img_00480.png
0 0 1	crt-tst/img_00481.png
1 0 0	crt-tst/img_00482.png
0 0 1	crt-tst/img_00483.png
1 0 0	crt-tst/img_00484.png
1 0 0	crt-tst/img_00485.png
0 1 0	crt-tst/img_00486.png
0 0 1	crt-tst/img_00487.png
1 0 0	crt-tst/img_00488.png
0 1 0	crt-tst/img_00489.png
0 0 1	crt-tst/img_00490.png
1 0 0	crt-tst/img_00491.png
0 0 1	crt-tst/img_00492.png
0 0 1	crt-tst/img_00493.png
0 0 1	crt-tst/img_00494.png
0 1 0	crt-tst/img_00495.png
1 0 0	crt-tst/img_00496.png
1 0 0	crt-tst/img_00497.png
0 1 0	crt-tst/img_00498.png
0 0 1	crt-tst/img_00499.png
0 0 1	crt-tst/img_00500.png
1 0 0	crt-tst/img_00501.png
0 0 1	crt-tst/img_00502.png
1 0 0	crt-tst/img_00503.png
0 0 1	crt-tst/img_00504.png
0 0 1	crt-tst/img_00505.png
1 0 0	crt-tst/img_00506.png
0 0 1	crt-tst/img_00507.png
0 1 0	crt-tst/img_00508.png
0 0 1	crt-tst/img_00509.png
0 1 0	crt-tst/img_00510.png
1 0 0	crt-tst/img_00511.png
0 0 1	crt-tst/img_00512.png
1 0 0	crt-tst/img_00513.png
0 0 1	crt-tst/img_00514.png
0 0 1	crt-tst/img_00515.png
0 1 0	crt-tst/img_00516.png
1 0 0	crt-tst/img_00517.png
0 1 0	crt-tst/img_00518.png
1 0 0	crt-tst/img_00519.png
0 1 0	crt-tst/img_00520.png
0 0 1	crt-tst/img_00521.png
0 1 0	crt-tst/img_00522.png
0 1 0	crt-tst/img_00523.png
1 0 0	crt-tst/img_00524.png
1 0 0	crt-tst/img_00525.png
1 0 0	crt-tst/img_00526.png
0 1 0	crt-tst/img_00527.png
0 0 1	crt-tst/img_00528.png
1 0 0	crt-tst/img_00529.png
0 1 0	crt-tst/img_00530.png
1 0 0	crt-tst/img_00531.png
0 0 1	crt-tst/img_00532.png
1 0 0	crt-tst/img_00533.png
1 0 0	crt-tst/img_00534.png
0 0 1	crt-tst/img_00535.png
0 1 0	crt-tst/img_00536.png
1 0 0	crt-tst/img_00537.png
1 0 0	crt-tst/img_00538.png
0 1 0	crt-tst/img_00539.png
0 0 1	crt-tst/img_00540.png
1 0 0	crt-tst/img_00541.png
1 0 0	crt-tst/img_00542.png
1 0 0	crt-tst/img_00543.png
0 1 0	crt-tst/img_00544.png
1 0 0	crt-tst/img_00545.png
0 1 0	crt-tst/img_00546.png
0 1 0	crt-tst/img_00547.png
0 0 1	crt-tst/img_00548.png
1 0 0	crt-tst/img_00549.png
0 1 0	crt-tst/img_00550.png
0 1 0	crt-tst/img_00551.png
1 0 0	crt-tst/img_00552.png
0 0 1	crt-tst/img_00553.png
0 0 1	crt-tst/img_00554.png
1 0 0	crt-tst/img_00555.png
1 0 0	crt-tst/img_00556.png
1 0 0	crt-tst/img_00557.png
0 0 1	crt-tst/img_00558.png
0 0 1	crt-tst/img_00559.png
0 0 1	crt-tst/img_00560.png
1 0 0	crt-tst/img_00561.png
1 0 0	crt-tst/img_00562.png
0 1 0	crt-tst/img_00563.png
1 0 0	crt-tst/img_00564.png
1 0 0	crt-tst/img_00565.png
0 1 0	crt-tst/img_00566.png
0 0 1	crt-tst/img_00567.png
1 0 0	crt-tst/img_00568.png
0 0 1	crt-tst/img_00569.png
0 0 1	crt-tst/img_00570.png
1 0 0	crt-tst/img_00571.png
0 1 0	crt-tst/img_00572.png
1 0 0	crt-tst/img_00573.png
1 0 0	crt-tst/img_00574.png
0 0 1	crt-tst/img_00575.png
0 1 0	crt-tst/img_00576.png
0 0 1	crt-tst/img_00577.png
0 1 0	crt-tst/img_00578.png
0 0 1	crt-tst/img_00579.png
1 0 0	crt-tst/img_00580.png
0 0 1	crt-tst/img_00581.png
1 0 0	crt-tst/img_00582.png
1 0 0	crt-tst/img_00583.png
0 1 0	crt-tst/img_00584.png
0 0 1	crt-tst/img_00585.png
0 0 1	crt-tst/img_00586.png
0 1 0	crt-tst/img_00587.png
1 0 0	crt-tst/img_00588.png
0 0 1	crt-tst/img_00589.png
0 0 1	crt-tst/img_00590.png
0 1 0	crt-tst/img_00591.png
1 0 0	crt-tst/img_00592.png
0 0 1	crt-tst/img_00593.png
0 0 1	crt-tst/img_00594.png
0 1 0	crt-tst/img_00595.png
0 0 1	crt-tst/img_00596.png
0 0 1	crt-tst/img_00597.png
0 1 0	crt-tst/img_00598.png
0 1 0	crt-tst/img_00599.png
0 0 1	crt-tst/img_00600.png
0 0 1	crt-tst/img_00601.png
0 1 0	crt-tst/img_00602.png
1 0 0	crt-tst/img_00603.png
0 1 0	crt-tst/img_00604.png
0 1 0	crt-tst/img_00605.png
0 1 0	crt-tst/img_00606.png
0 1 0	crt-tst/img_00607.png
0 0 1	crt-tst/img_00608.png
0 1 0	crt-tst/img_00609.png
0 1 0	crt-tst/img_00610.png
1 0 0	crt-tst/img_00611.png
1 0 0	crt-tst/img_00612.png
1 0 0	crt-tst/img_00613.png
0 0 1	crt-tst/img_00614.png
0 0 1	crt-tst/img_00615.png
1 0 0	crt-tst/img_00616.png
0 0 1	crt-tst/img_00617.png
1 0 0	crt-tst/img_00618.png
1 0 0	crt-tst/img_00619.png
1 0 0	crt-tst/img_00620.png
1 0 0	crt-tst/img_00621.png
1 0 0	crt-tst/img_00622.png
1 0 0	crt-tst/img_00623.png
0 0 1	crt-tst/img_00624.png
0 1 0	crt-tst/img_00625.png
0 0 1	crt-tst/img_00626.png
0 1 0	crt-tst/img_00627.png
1 0 0	crt-tst/img_00628.png
1 0 0	crt-tst/img_00629.png
0 1 0	crt-tst/img_00630.png
1 0 0	crt-tst/img_00631.png
0 1 0	crt-tst/img_00632.png
0 1 0	crt-tst/img_00633.png
0 1 0	crt-tst/img_00634.png
1 0 0	crt-tst/img_00635.png
1 0 0	crt-tst/img_00636.png
0 0 1	crt-tst/img_00637.png
0 0 1	crt-tst/img_00638.png
0 1 0	crt-tst/img_00639.png
0 1 0	crt-tst/img_00640.png
0 1 0	crt-tst/img_00641.png
0 1 0	crt-tst/img_00642.png
0 0 1	crt-tst/img_00643.png
1 0 0	crt-tst/img_00644.png
1 0 0	crt-tst/img_00645.png
0 1 0	crt-tst/img_00646.png
1 0 0	crt-tst/img_00647.png
1 0 0	crt-tst/img_00648.png
0 0 1	crt-tst/img_00649.png
0 1 0	crt-tst/img_00650.png
0 0 1	crt-tst/img_00651.png
0 1 0	crt-tst/img_00652.png
0 1 0	crt-tst/img_00653.png
1 0 0	crt-tst/img_00654.png
0 1 0	crt-tst/img_00655.png
1 0 0	crt-tst/img_00656.png
0 0 1	crt-tst/img_00657.png
1 0 0	crt-tst/img_00658.png
0 1 0	crt-tst/img_00659.png
0 0 1	crt-tst/img_00660.png
1 0 0	crt-tst/img_00661.png
0 1 0	crt-tst/img_00662.png
0 0 1	crt-tst/img_00663.png
0 0 1	crt-tst/img_00664.png
0 1 0	crt-tst/img_00665.png
0 1 0	crt-tst/img_00666.png
0 1 0	crt-tst/img_00667.png
1 0 0	crt-tst/img_00668.png
0 0 1	crt-tst/img_00669.png
0 1 0	crt-tst/img_00670.png
0 0 1	crt-tst/img_00671.png
0 0 1	crt-tst/img_00672.png
1 0 0	crt-tst/img_00673.png
1 0 0	crt-tst/img_00674.png
1 0 0	crt-tst/img_00675.png
1 0 0	crt-tst/img_00676.png
1 0 0	crt-tst/img_00677.png
0 0 1	crt-tst/img_00678.png
0 1 0	crt-tst/img_00679.png
0 0 1	crt-tst/img_00680.png
0 1 0	crt-tst/img_00681.png
0 1 0	crt-tst/img_00682.png
0 1 0	crt-tst/img_00683.png
0 1 0	crt-tst/img_00684.png
1 0 0	crt-tst/img_00685.png
1 0 0	crt-tst/img_00686.png
0 1 0	crt-tst/img_00687.png
0 1 0	crt-tst/img_00688.png
0 0 1	crt-tst/img_00689.png
1 0 0	crt-tst/img_00690.png
0 0 1	crt-tst/img_00691.png
0 1 0	crt-tst/img_00692.png
0 0 1	crt-tst/img_00693.png
1 0 0	crt-tst/img_00694.png
0 1 0	crt-tst/img_00695.png
1 0 0	crt-tst/img_00696.png
1 0 0	crt-tst/img_00697.png
0 1 0	crt-tst/img_00698.png
1 0 0	crt-tst/img_00699.png
1 0 0	crt-tst/img_00700.png
0 1 0	crt-tst/img_00701.png
0 0 1	crt-tst/img_00702.png
1 0 0	crt-tst/img_00703.png
0 1 0	crt-tst/img_00704.png
1 0 0	crt-tst/img_00705.png
1 0 0	crt-tst/img_00706.png
0 0 1	crt-tst/img_00707.png
0 1 0	crt-tst/img_00708.png
0 1 0	crt-tst/img_00709.png
1 0 0	crt-tst/img_00710.png
0 0 1	crt-tst/img_00711.png
0 1 0	crt-tst/img_00712.png
1 0 0	crt-tst/img_00713.png
0 1 0	crt-tst/img_00714.png
1 0 0	crt-tst/img_00715.png
0 1 0	crt-tst/img_00716.png
1 0 0	crt-tst/img_00717.png
0 1 0	crt-tst/img_00718.png
1 0 0	crt-tst/img_00719.png
0 1 0	crt-tst/img_00720.png
0 1 0	crt-tst/img_00721.png
1 0 0	crt-tst/img_00722.png
0 0 1	crt-tst/img_00723.png
1 0 0	crt-tst/img_00724.png
1 0 0	crt-tst/img_00725.png
0 1 0	crt-tst/img_00726.png
0 1 0	crt-tst/img_00727.png
0 0 1	crt-tst/img_00728.png
1 0 0	crt-tst/img_00729.png
0 1 0	crt-tst/img_00730.png
0 0 1	crt-tst/img_00731.png
1 0 0	crt-tst/img_00732.png
1 0 0	crt-tst/img_00733.png
1 0 0	crt-tst/img_00734.png
1 0 0	crt-tst/img_00735.png
0 0 1	crt-tst/img_00736.png
1 0 0	crt-tst/img_00737.png
0 0 1	crt-tst/img_00738.png
1 0 0	crt-tst/img_00739.png
0 1 0	crt-tst/img_00740.png
1 0 0	crt-tst/img_00741.png
0 1 0	crt-tst/img_00742.png
0 1 0	crt-tst/img_00743.png
0 1 0	crt-tst/img_00744.png
0 0 1	crt-tst/img_00745.png
0 0 1	crt-tst/img_00746.png
0 1 0	crt-tst/img_00747.png
0 0 1	crt-tst/img_00748.png
0 1 0	crt-tst/img_00749.png
1 0 0	crt-tst/img_00750.png
0 1 0	crt-tst/img_00751.png
0 0 1	crt-tst/img_00752.png
1 0 0	crt-tst/img_00753.png
1 0 0	crt-tst/img_00754.png
0 0 1	crt-tst/img_00755.png
1 0 0	crt-tst/img_00756.png
1 0 0	crt-tst/img_00757.png
1 0 0	crt-tst/img_00758.png
1 0 0	crt-tst/img_00759.png
0 1 0	crt-tst/img_00760.png
0 0 1	crt-tst/img_00761.png
1 0 0	crt-tst/img_00762.png
0 0 1	crt-tst/img_00763.png
0 0 1	crt-tst/img_00764.png
0 1 0	crt-tst/img_00765.png
0 0 1	crt-tst/img_00766.png
1 0 0	crt-tst/img_00767.png
0 1 0	crt-tst/img_00768.png
1 0 0	crt-tst/img_00769.png
0 1 0	crt-tst/img_00770.png
0 1 0	crt-tst/img_00771.png
0 1 0	crt-tst/img_00772.png
0 1 0	crt-tst/img_00773.png
0 1 0	crt-tst/img_00774.png
1 0 0	crt-tst/img_00775.png
0 0 1	crt-tst/img_00776.png
0 0 1	crt-tst/img_00777.png
0 1 0	crt-tst/img_00778.png
0 0 1	crt-tst/img_00779.png
1 0 0	crt-tst/img_00780.png
0 1 0	crt-tst/img_00781.png
1 0 0	crt-tst/img_00782.png
1 0 0	crt-tst/img_00783.png
0 1 0	crt-tst/img_00784.png
0 1 0	crt-tst/img_00785.png
0 1 0	crt-tst/img_00786.png
1 0 0	crt-tst/img_00787.png
0 1 0	crt-tst/img_00788.png
1 0 0	crt-tst/img_00789.png
0 1 0	crt-tst/img_00790.png
0 0 1	crt-tst/img_00791.png
0 0 1	crt-tst/img_00792.png
1 0 0	crt-tst/img_00793.png
0 0 1	crt-tst/img_00794.png
1 0 0	crt-tst/img_00795.png
0 0 1	crt-tst/img_00796.png
0 0 1	crt-tst/img_00797.png
0 1 0	crt-tst/img_00798.png
0 0 1	crt-tst/img_00799.png
0 0 1	crt-tst/img_00800.png
1 0 0	crt-tst/img_00801.png
1 0 0	crt-tst/img_00802.png
0 0 1	crt-tst/img_00803.png
0 0 1	crt-tst/img_00804.png
0 0 1	crt-tst/img_00805.png
0 0 1	crt-tst/img_00806.png
0 0 1	crt-tst/img_00807.png
0 1 0	crt-tst/img_00808.png
0 1 0	crt-tst/img_00809.png
1 0 0	crt-tst/img_00810.png
0 1 0	crt-tst/img_00811.png
0 1 0	crt-tst/img_00812.png
1 0 0	crt-tst/img_00813.png
0 1 0	crt-tst/img_00814.png
0 1 0	crt-tst/img_00815.png
0 0 1	crt-tst/img_00816.png
0 0 1	crt-tst/img_00817.png
1 0 0	crt-tst/img_00818.png
0 0 1	crt-tst/img_00819.png
1 0 0	crt-tst/img_00820.png
0 1 0	crt-tst/img_00821.png
0 1 0	crt-tst/img_00822.png
0 1 0	crt-tst/img_00823.png
0 1 0	crt-tst/img_00824.png
1 0 0	crt-tst/img_00825.png
1 0 0	crt-tst/img_00826.png
1 0 0	crt-tst/img_00827.png
1 0 0	crt-tst/img_00828.png
0 1 0	crt-tst/img_00829.png
1 0 0	crt-tst/img_00830.png
1 0 0	crt-tst/img_00831.png
0 1 0	crt-tst/img_00832.png
0 0 1	crt-tst/img_00833.png
0 0 1	crt-tst/img_00834.png
0 1 0	crt-tst/img_00835.png
1 0 0	crt-tst/img_00836.png
0 0 1	crt-tst/img_00837.png
1 0 0	crt-tst/img_00838.png
0 1 0	crt-tst/img_00839.png
0 0 1	crt-tst/img_00840.png
0 0 1	crt-tst/img_00841.png
0 0 1	crt-tst/img_00842.png
1 0 0	crt-tst/img_00843.png
0 1 0	crt-tst/img_00844.png
1 0 0	crt-tst/img_00845.png
0 0 1	crt-tst/img_00846.png
1 0 0	crt-tst/img_00847.png
0 1 0	crt-tst/img_00848.png
1 0 0	crt-tst/img_00849.png
0 1 0	crt-tst/img_00850.png
0 0 1	crt-tst/img_00851.png
0 1 0	crt-tst/img_00852.png
1 0 0	crt-tst/img_00853.png
0 1 0	crt-tst/img_00854.png
0 1 0	crt-tst/img_00855.png
0 1 0	crt-tst/img_00856.png
1 0 0	crt-tst/img_00857.png
0 1 0	crt-tst/img_00858.png
0 1 0	crt-tst/img_00859.png
0 0 1	crt-tst/img_00860.png
0 0 1	crt-tst/img_00861.png
0 1 0	crt-tst/img_00862.png
0 0 1	crt-tst/img_00863.png
1 0 0	crt-tst/img_00864.png
0 1 0	crt-tst/img_00865.png
0 0 1	crt-tst/img_00866.png
1 0 0	crt-tst/img_00867.png
1 0 0	crt-tst/img_00868.png
1 0 0	crt-tst/img_00869.png
1 0 0	crt-tst/img_00870.png
0 0 1	crt-tst/img_00871.png
0 1 0	crt-tst/img_00872.png
0 1 0	crt-tst/img_00873.png
1 0 0	crt-tst/img_00874.png
0 0 1	crt-tst/img_00875.png
1 0 0	crt-tst/img_00876.png
0 0 1	crt-tst/img_00877.png
1 0 0	crt-tst/img_00878.png
0 1 0	crt-tst/img_00879.png
1 0 0	crt-tst/img_00880.png
1 0 0	crt-tst/img_00881.png
0 1 0	crt-tst/img_00882.png
0 0 1	crt-tst/img_00883.png
1 0 0	crt-tst/img_00884.png
1 0 0	crt-tst/img_00885.png
0 1 0	crt-tst/img_00886.png
0 0 1	crt-tst/img_00887.png
1 0 0	crt-tst/img_00888.png
1 0 0	crt-tst/img_00889.png
1 0 0	crt-tst/img_00890.png
0 1 0	crt-tst/img_00891.png
0 0 1	crt-tst/img_00892.png
1 0 0	crt-tst/img_00893.png
0 0 1	crt-tst/img_00894.png
0 0 1	crt-tst/img_00895.png
0 1 0	crt-tst/img_00896.png
0 1 0	crt-tst/img_00897.png
0 1 0	crt-tst/img_00898.png
1 0 0	crt-tst/img_00899.png
0 0 1	crt-tst/img_00900.png
0 1 0	crt-tst/img_00901.png
0 0 1	crt-tst/img_00902.png
0 0 1	crt-tst/img_00903.png
1 0 0	crt-tst/img_00904.png
0 1 0	crt-tst/img_00905.png
1 0 0	crt-tst/img_00906.png
0 1 0	crt-tst/img_00907.png
1 0 0	crt-tst/img_00908.png
0 0 1	crt-tst/img_00909.png
0 0 1	crt-tst/img_00910.png
0 0 1	crt-tst/img_00911.png
0 0 1	crt-tst/img_00912.png
0 0 1	crt-tst/img_00913.png
0 0 1	crt-tst/img_00914.png
0 0 1	crt-tst/img_00915.png
0 0 1	crt-tst/img_00916.png
0 1 0	crt-tst/img_00917.png
1 0 0	crt-tst/img_00918.png
1 0 0	crt-tst/img_00919.png
1 0 0	crt-tst/img_00920.png
0 0 1	crt-tst/img_00921.png
0 0 1	crt-tst/img_00922.png
0 1 0	crt-tst/img_00923.png
0 0 1	crt-tst/img_00924.png
1 0 0	crt-tst/img_00925.png
0 1 0	crt-tst/img_00926.png
0 0 1	crt-tst/img_00927.png
1 0 0	crt-tst/img_00928.png
0 0 1	crt-tst/img_00929.png
0 1 0	crt-tst/img_00930.png
0 1 0	crt-tst/img_00931.png
1 0 0	crt-tst/img_00932.png
0 0 1	crt-tst/img_00933.png
0 1 0	crt-tst/img_00934.png
0 0 1	crt-tst/img_00935.png
0 0 1	crt-tst/img_00936.png
0 0 1	crt-tst/img_00937.png
1 0 0	crt-tst/img_00938.png
1 0 0	crt-tst/img_00939.png
0 0 1	crt-tst/img_00940.png
0 1 0	crt-tst/img_00941.png
1 0 0	crt-tst/img_00942.png
0 1 0	crt-tst/img_00943.png
0 0 1	crt-tst/img_00944.png
0 0 1	crt-tst/img_00945.png
1 0 0	crt-tst/img_00946.png
0 0 1	crt-tst/img_00947.png
0 1 0	crt-tst/img_00948.png
1 0 0	crt-tst/img_00949.png
1 0 0	crt-tst/img_00950.png
1 0 0	crt-tst/img_00951.png
0 0 1	crt-tst/img_00952.png
1 0 0	crt-tst/img_00953.png
1 0 0	crt-tst/img_00954.png
0 0 1	crt-tst/img_00955.png
0 0 1	crt-tst/img_00956.png
1 0 0	crt-tst/img_00957.png
0 0 1	crt-tst/img_00958.png
0 1 0	crt-tst/img_00959.png
0 1 0	crt-tst/img_00960.png
0 0 1	crt-tst/img_00961.png
0 1 0	crt-tst/img_00962.png
1 0 0	crt-tst/img_00963.png
0 1 0	crt-tst/img_00964.png
0 1 0	crt-tst/img_00965.png
1 0 0	crt-tst/img_00966.png
0 1 0	crt-tst/img_00967.png
0 0 1	crt-tst/img_00968.png
1 0 0	crt-tst/img_00969.png
0 0 1	crt-tst/img_00970.png
0 1 0	crt-tst/img_00971.png
1 0 0	crt-tst/img_00972.png
0 1 0	crt-tst/img_00973.png
0 0 1	crt-tst/img_00974.png
1 0 0	crt-tst/img_00975.png
0 1 0	crt-tst/img_00976.png
0 1 0	crt-tst/img_00977.png
1 0 0	crt-tst/img_00978.png
1 0 0	crt-tst/img_00979.png
0 1 0	crt-tst/img_00980.png
0 0 1	crt-tst/img_00981.png
0 1 0	crt-tst/img_00982.png
0 0 1	crt-tst/img_00983.png
1 0 0	crt-tst/img_00984.png
1 0 0	crt-tst/img_00985.png
1 0 0	crt-tst/img_00986.png
1 0 0	crt-tst/img_00987.png
0 1 0	crt-tst/img_00988.png
1 0 0	crt-tst/img_00989.png
0 0 1	crt-tst/img_00990.png
1 0 0	crt-tst/img_00991.png
1 0 0	crt-tst/img_00992.png
0 0 1	crt-tst/img_00993.png
0 0 1	crt-tst/img_00994.png
1 0 0	crt-tst/img_00995.png
0 1 0	crt-tst/img_00996.png
0 0 1	crt-tst/img_00997.png
0 1 0	crt-tst/img_00998.png
0 1 0	crt-tst/img_00999.png
1 0 0	crt-tst/img_01000.png
